IMAGE_FILENAME,TEXT,WIDTH
carro_8fSertkUZONSgsll,SYA,216
carro_8fSertkUZONSgsll,1670,266
carro_8fSertkUZONSgsll,B,56
carro_8fSertkUZONSgsll,01:22,161
carro_8ANhKU9YUisDUVSx,KVH,217
carro_8ANhKU9YUisDUVSx,2462,290
carro_8ANhKU9YUisDUVSx,B,70
carro_8ANhKU9YUisDUVSx,.25,95
carro_8ANhKU9YUisDUVSx,07,85
carro_2Q2EYQjgEAZgdBt8,ZJB,76
carro_2Q2EYQjgEAZgdBt8,1560,101
carro_2Q2EYQjgEAZgdBt8,B,24
carro_2Q2EYQjgEAZgdBt8,22,28
carro_2Q2EYQjgEAZgdBt8,11,25
carro_2Q2EYQjgEAZgdBt8,KCARED,27
carro_2Q2EYQjgEAZgdBt8,rondox,35
carro_8QBBehZIdizic9fq,WG,85
carro_8QBBehZIdizic9fq,8000,252
carro_8QBBehZIdizic9fq,B,72
carro_8QBBehZIdizic9fq,93:21,138
carro_7yUiOMlVhSW8XBmK,B*,68
carro_7yUiOMlVhSW8XBmK,1362,210
carro_7yUiOMlVhSW8XBmK,FMZ,171
carro_7yUiOMlVhSW8XBmK,05:21,146
carro_6YZ3Ve2WiAjm2kfH,1550,179
carro_6YZ3Ve2WiAjm2kfH,B,44
carro_6YZ3Ve2WiAjm2kfH,01,51
carro_6YZ3Ve2WiAjm2kfH,.25,72
carro_4evVcxs3I72FkEQH,IJEY,191
carro_4evVcxs3I72FkEQH,WMY,192
carro_4evVcxs3I72FkEQH,06:22,140
carro_5sHDkURaA69SPt27,3,84
carro_5sHDkURaA69SPt27,9750,348
carro_5sHDkURaA69SPt27,FAL,251
carro_5sHDkURaA69SPt27,3.20,150
carro_2lWlST7FztAKNiEN,3,76
carro_2lWlST7FztAKNiEN,2506,348
carro_2lWlST7FztAKNiEN,HZ,171
carro_2lWlST7FztAKNiEN,02:23,244
carro_6d0wecR15T2PX3e4,B,44
carro_6d0wecR15T2PX3e4,2677,278
carro_6d0wecR15T2PX3e4,son,244
carro_6d0wecR15T2PX3e4,12-21,161
carro_7nIgbkrfCxKdkW6Z,2128,181
carro_7nIgbkrfCxKdkW6Z,B,42
carro_7nIgbkrfCxKdkW6Z,PKK,149
carro_7nIgbkrfCxKdkW6Z,12,36
carro_7nIgbkrfCxKdkW6Z,24,42
carro_BsTCHEHDBlBpGxuQ,B,15
carro_BsTCHEHDBlBpGxuQ,97,33
carro_BsTCHEHDBlBpGxuQ,BY,33
carro_BsTCHEHDBlBpGxuQ,06:21,42
carro_1lNgdTDrcp0rrZgp,1947,315
carro_1lNgdTDrcp0rrZgp,FYC,245
carro_1lNgdTDrcp0rrZgp,3,93
carro_1lNgdTDrcp0rrZgp,10-21,189
carro_1WwihpZJi3wjnYWk,KMY,62
carro_1WwihpZJi3wjnYWk,1950,74
carro_1WwihpZJi3wjnYWk,B,19
carro_1WwihpZJi3wjnYWk,11:21,48
carro_5yLScTrAgf0jB8b7,B,49
carro_5yLScTrAgf0jB8b7,1723,245
carro_5yLScTrAgf0jB8b7,NRL,164
carro_5yLScTrAgf0jB8b7,01,59
carro_5yLScTrAgf0jB8b7,<23,97
carro_5yLScTrAgf0jB8b7,Honda,68
carro_5yLScTrAgf0jB8b7,Bintaro,76
carro_5yLScTrAgf0jB8b7,374572310,87
carro_5yLScTrAgf0jB8b7,U,29
carro_0CgA6H3EQL6ihI4W,B,51
carro_0CgA6H3EQL6ihI4W,1987,226
carro_0CgA6H3EQL6ihI4W,NRH,159
carro_0CgA6H3EQL6ihI4W,10:22,149
carro_0CgA6H3EQL6ihI4W,ASTRIDO,92
carro_0CgA6H3EQL6ihI4W,TOYOTA,79
20210130_110604,B,59
20210130_110604,1568,240
20210130_110604,JV,91
20210130_110604,I,39
20210130_110604,12:21,150
carro_7nSVNFrImEcEWVQR,SVJ,141
carro_7nSVNFrImEcEWVQR,1270,261
carro_7nSVNFrImEcEWVQR,B,56
carro_7nSVNFrImEcEWVQR,08:22,165
carro_2liXOYAx0rc2pDzK,1107,FZC,412
carro_2liXOYAx0rc2pDzK,B,50
carro_2liXOYAx0rc2pDzK,17:21:,146
carro_brabSjdlzAu1Oohw,ZN,197
carro_brabSjdlzAu1Oohw,8882,386
carro_brabSjdlzAu1Oohw,B,86
carro_brabSjdlzAu1Oohw,11-21,240
